Workbook

Sheet Time Log
A1: Time Log: AI vs No AI drafting time
A2: Yellow cells are for you to fill. Black cells are formulas. Use the exact task names listed on the Comparison tab. Log time spent checking and fixing AI output in separate rows named "Verification of AI output" (Method = AI).
A4: Task | B4: Method (AI / No AI) | C4: Start | D4: End | E4: Minutes | F4: Notes
A5: Business plan | B5: AI | C5: 0.41666667 | D5: 0.44097222 | E5: =IF(OR(C5="",D5=""),"",ROUND(MOD(D5-C5,1)*1440,0)) -> 35 | F5: Example only: wrote the 150-word summary by hand with a timer. Overwrite or delete.
A6: Revenue model | B6: AI | E6: =IF(OR(C6="",D6=""),"",ROUND(MOD(D6-C6,1)*1440,0))
A7: Deck 6 slides | B7: AI | E7: =IF(OR(C7="",D7=""),"",ROUND(MOD(D7-C7,1)*1440,0))
A8: Error log | B8: AI | E8: =IF(OR(C8="",D8=""),"",ROUND(MOD(D8-C8,1)*1440,0))
A9: verification report | B9: AI | E9: =IF(OR(C9="",D9=""),"",ROUND(MOD(D9-C9,1)*1440,0))
A10: Time comparison | B10: AI | E10: =IF(OR(C10="",D10=""),"",ROUND(MOD(D10-C10,1)*1440,0))
A11: Prompt library | B11: AI | E11: =IF(OR(C11="",D11=""),"",ROUND(MOD(D11-C11,1)*1440,0))
A12: Before/ After analysis | B12: AI | E12: =IF(OR(C12="",D12=""),"",ROUND(MOD(D12-C12,1)*1440,0))
A13: Final demo | B13: AI | E13: =IF(OR(C13="",D13=""),"",ROUND(MOD(D13-C13,1)*1440,0))
A14: Mentor review | B14: AI | E14: =IF(OR(C14="",D14=""),"",ROUND(MOD(D14-C14,1)*1440,0))
A15: Summary | B15: AI | E15: =IF(OR(C15="",D15=""),"",ROUND(MOD(D15-C15,1)*1440,0))
E16: =IF(OR(C16="",D16=""),"",ROUND(MOD(D16-C16,1)*1440,0))
E17: =IF(OR(C17="",D17=""),"",ROUND(MOD(D17-C17,1)*1440,0))
E18: =IF(OR(C18="",D18=""),"",ROUND(MOD(D18-C18,1)*1440,0))
E19: =IF(OR(C19="",D19=""),"",ROUND(MOD(D19-C19,1)*1440,0))
E20: =IF(OR(C20="",D20=""),"",ROUND(MOD(D20-C20,1)*1440,0))
E21: =IF(OR(C21="",D21=""),"",ROUND(MOD(D21-C21,1)*1440,0))
E22: =IF(OR(C22="",D22=""),"",ROUND(MOD(D22-C22,1)*1440,0))
E23: =IF(OR(C23="",D23=""),"",ROUND(MOD(D23-C23,1)*1440,0))
E24: =IF(OR(C24="",D24=""),"",ROUND(MOD(D24-C24,1)*1440,0))
E25: =IF(OR(C25="",D25=""),"",ROUND(MOD(D25-C25,1)*1440,0))
E26: =IF(OR(C26="",D26=""),"",ROUND(MOD(D26-C26,1)*1440,0))
E27: =IF(OR(C27="",D27=""),"",ROUND(MOD(D27-C27,1)*1440,0))
... E45: =IF(OR(C45="",D45=""),"",ROUND(MOD(D45-C45,1)*1440,0))

Sheet Comparison
A1: AI-assisted vs unassisted drafting time
A2: Minutes are pulled from the Time Log by task name and method. Yellow cells are for you. Blank means no time logged yet.
A4: Task | B4: Minutes without AI | C4: Minutes with AI | D4: Minutes saved | E4: % saved | F4: Evidence (Measured / Estimated) | G4: Quality of AI first draft (1 to 5) | H4: Notes
A5: Executive summary | B5: =IF(_xlfn.COUNTIFS('Time Log'!$A$5:$A$45,$A5,'Time Log'!$B$5:$B$45,"No AI")=0,"",_xlfn.SUMIFS('Time Log'!$E$5:$E$45,'Time Log'!$A$5:$A$45,$A5,'Time Log'!$B$5:$B$45,"No AI")) | C5: =IF(_xlfn.COUNTIFS('Time Log'!$A$5:$A$45,$A5,'Time Log'!$B$5:$B$45,"AI")=0,"",_xlfn.SUMIFS('Time Log'!$E$5:$E$45,'Time Log'!$A$5:$A$45,$A5,'Time Log'!$B$5:$B$45,"AI")) | D5: =IF(OR(B5="",C5=""),"",B5-C5) | E5: =IF(OR(B5="",C5="",B5=0),"",D5/B5)
A6: Market section | B6: =IF(_xlfn.COUNTIFS('Time Log'!$A$5:$A$45,$A6,'Time Log'!$B$5:$B$45,"No AI")=0,"",_xlfn.SUMIFS('Time Log'!$E$5:$E$45,'Time Log'!$A$5:$A$45,$A6,'Time Log'!$B$5:$B$45,"No AI")) | C6: =IF(_xlfn.COUNTIFS('Time Log'!$A$5:$A$45,$A6,'Time Log'!$B$5:$B$45,"AI")=0,"",_xlfn.SUMIFS('Time Log'!$E$5:$E$45,'Time Log'!$A$5:$A$45,$A6,'Time Log'!$B$5:$B$45,"AI")) | D6: =IF(OR(B6="",C6=""),"",B6-C6) | E6: =IF(OR(B6="",C6="",B6=0),"",D6/B6)
A7: Operations section | B7: =IF(_xlfn.COUNTIFS('Time Log'!$A$5:$A$45,$A7,'Time Log'!$B$5:$B$45,"No AI")=0,"",_xlfn.SUMIFS('Time Log'!$E$5:$E$45,'Time Log'!$A$5:$A$45,$A7,'Time Log'!$B$5:$B$45,"No AI")) | C7: =IF(_xlfn.COUNTIFS('Time Log'!$A$5:$A$45,$A7,'Time Log'!$B$5:$B$45,"AI")=0,"",_xlfn.SUMIFS('Time Log'!$E$5:$E$45,'Time Log'!$A$5:$A$45,$A7,'Time Log'!$B$5:$B$45,"AI")) | D7: =IF(OR(B7="",C7=""),"",B7-C7) | E7: =IF(OR(B7="",C7="",B7=0),"",D7/B7)
A8: Marketing section | B8: =IF(_xlfn.COUNTIFS('Time Log'!$A$5:$A$45,$A8,'Time Log'!$B$5:$B$45,"No AI")=0,"",_xlfn.SUMIFS('Time Log'!$E$5:$E$45,'Time Log'!$A$5:$A$45,$A8,'Time Log'!$B$5:$B$45,"No AI")) | C8: =IF(_xlfn.COUNTIFS('Time Log'!$A$5:$A$45,$A8,'Time Log'!$B$5:$B$45,"AI")=0,"",_xlfn.SUMIFS('Time Log'!$E$5:$E$45,'Time Log'!$A$5:$A$45,$A8,'Time Log'!$B$5:$B$45,"AI")) | D8: =IF(OR(B8="",C8=""),"",B8-C8) | E8: =IF(OR(B8="",C8="",B8=0),"",D8/B8)
A9: Financial outline | B9: =IF(_xlfn.COUNTIFS('Time Log'!$A$5:$A$45,$A9,'Time Log'!$B$5:$B$45,"No AI")=0,"",_xlfn.SUMIFS('Time Log'!$E$5:$E$45,'Time Log'!$A$5:$A$45,$A9,'Time Log'!$B$5:$B$45,"No AI")) | C9: =IF(_xlfn.COUNTIFS('Time Log'!$A$5:$A$45,$A9,'Time Log'!$B$5:$B$45,"AI")=0,"",_xlfn.SUMIFS('Time Log'!$E$5:$E$45,'Time Log'!$A$5:$A$45,$A9,'Time Log'!$B$5:$B$45,"AI")) | D9: =IF(OR(B9="",C9=""),"",B9-C9) | E9: =IF(OR(B9="",C9="",B9=0),"",D9/B9)
A10: Revenue model (Sheets) | B10: =IF(_xlfn.COUNTIFS('Time Log'!$A$5:$A$45,$A10,'Time Log'!$B$5:$B$45,"No AI")=0,"",_xlfn.SUMIFS('Time Log'!$E$5:$E$45,'Time Log'!$A$5:$A$45,$A10,'Time Log'!$B$5:$B$45,"No AI")) | C10: =IF(_xlfn.COUNTIFS('Time Log'!$A$5:$A$45,$A10,'Time Log'!$B$5:$B$45,"AI")=0,"",_xlfn.SUMIFS('Time Log'!$E$5:$E$45,'Time Log'!$A$5:$A$45,$A10,'Time Log'!$B$5:$B$45,"AI")) | D10: =IF(OR(B10="",C10=""),"",B10-C10) | E10: =IF(OR(B10="",C10="",B10=0),"",D10/B10)
A11: Slide deck | B11: =IF(_xlfn.COUNTIFS('Time Log'!$A$5:$A$45,$A11,'Time Log'!$B$5:$B$45,"No AI")=0,"",_xlfn.SUMIFS('Time Log'!$E$5:$E$45,'Time Log'!$A$5:$A$45,$A11,'Time Log'!$B$5:$B$45,"No AI")) | C11: =IF(_xlfn.COUNTIFS('Time Log'!$A$5:$A$45,$A11,'Time Log'!$B$5:$B$45,"AI")=0,"",_xlfn.SUMIFS('Time Log'!$E$5:$E$45,'Time Log'!$A$5:$A$45,$A11,'Time Log'!$B$5:$B$45,"AI")) | D11: =IF(OR(B11="",C11=""),"",B11-C11) | E11: =IF(OR(B11="",C11="",B11=0),"",D11/B11)
A12: Total (tasks with both times logged) | B12: =SUMPRODUCT(--ISNUMBER(B5:B11),--ISNUMBER(C5:C11),B5:B11) -> 0 | C12: =SUMPRODUCT(--ISNUMBER(B5:B11),--ISNUMBER(C5:C11),C5:C11) -> 0 | D12: =B12-C12 -> 0 | E12: =IF(B12=0,"",D12/B12)
A14: Summary after checking
A15: Measure | B15: Value
A16: Minutes saved by AI before checking | B16: =D12 -> 0
A17: Minutes spent verifying AI output (Time Log, task "Verification of AI output") | B17: =_xlfn.SUMIFS('Time Log'!$E$5:$E$45,'Time Log'!$A$5:$A$45,"Verification of AI output",'Time Log'!$B$5:$B$45,"AI") -> 0
A18: Net minutes saved after verification | B18: =B16-B17 -> 0
A19: Net % saved | B19: =IF(B12=0,"",B18/B12)
A21: How to keep the comparison fair
A22: 1. Do not write the same section twice. The second attempt is faster because you already know the content. Use different but similar sections, or have a peer draft one of them.
A23: 2. Start the AI clock when you write the first prompt and stop it when the section is good enough to use, including editing.
A24: 3. Log checking and fixing time in a separate "Verification of AI output" row. A fast draft that needs an hour of fact-checking is not a big saving.
A25: 4. If you estimate a no-AI time instead of measuring it, mark the row Estimated and say so in your report.
A26: 5. Rate each AI first draft from 1 (unusable) to 5 (use as is) before you edit it. Pair the rating with the time saved.
